Workbook
Name ExternalData_1: dss_report!$A$1:$D$401

Sheet dss_report
A1: time | B1: temperature_cal | C1: humidity_cal | D1: alert_drought | E1: Column1 | F1: score_T | G1: score_H | H1: score | I1: DSS_alert | J1: y_true | K1: TP | L1: FP | M1: FN | N1: TN | O1: Precision | P1: Recall
A2: 45444 | B2: 23.438648 | C2: 61.21936 | D2: =IF(AND(dss_report!$B2>30, dss_report!$C2<40), TRUE, FALSE) -> FALSE | F2: =LET( _xlpm.t,dss_report!$B2, _xlpm.lo,18, _xlpm.hi,28, IF(AND(_xlpm.t>=_xlpm.lo, _xlpm.t<=_xlpm.hi), 1, IF(_xlpm.t<_xlpm.lo, MAX(0, 1 - (_xlpm.lo - _xlpm.t)/(_xlpm.lo*0.5)), MAX(0, 1 - (_xlpm.t - _xlpm.hi)/(_xlpm.hi*0.5)) ) ) ) -> 1 | G2: =LET( _xlpm.h,dss_report!$C2, _xlpm.lo,45, _xlpm.hi,70, IF(AND(_xlpm.h>=_xlpm.lo, _xlpm.h<=_xlpm.hi), 1, IF(_xlpm.h<_xlpm.lo, MAX(0, 1 - (_xlpm.lo - _xlpm.h)/(_xlpm.lo*0.5)), MAX(0, 1 - (_xlpm.h - _xlpm.hi)/(_xlpm.hi*0.5)) ) ) ) -> 1 | H2: =0.6*F2 + 0.4*G2 -> 1 | I2: =IF(OR(dss_report!$D2=TRUE, H2<0.3), TRUE, FALSE) -> FALSE | J2: =IF( OR( AND(dss_report!$B2>31, dss_report!$C2<38), H2<0.25 ), TRUE, FALSE) -> FALSE | K2: =SUMPRODUCT(--(I2=TRUE), --(J2=TRUE)) -> 0 | L2: =SUMPRODUCT(--(I2=TRUE), --(J2=FALSE)) -> 0 | M2: =SUMPRODUCT(--(I2=FALSE), --(J2=TRUE)) -> 0 | N2: =SUMPRODUCT(--(I2=FALSE), --(J2=FALSE)) -> 1 | O2: =IF(K2+L2=0, 0, K2/(K2+L2)) -> 0 | P2: =IF(K2+M2=0, 0, K2/(K2+M2)) -> 0
A3: 45444.01 | B3: 23.230381 | C3: 57.242363 | D3: =IF(AND(dss_report!$B3>30, dss_report!$C3<40), TRUE, FALSE) -> FALSE | F3: =LET( _xlpm.t,dss_report!$B3, _xlpm.lo,18, _xlpm.hi,28, IF(AND(_xlpm.t>=_xlpm.lo, _xlpm.t<=_xlpm.hi), 1, IF(_xlpm.t<_xlpm.lo, MAX(0, 1 - (_xlpm.lo - _xlpm.t)/(_xlpm.lo*0.5)), MAX(0, 1 - (_xlpm.t - _xlpm.hi)/(_xlpm.hi*0.5)) ) ) ) -> 1 | G3: =LET( _xlpm.h,dss_report!$C3, _xlpm.lo,45, _xlpm.hi,70, IF(AND(_xlpm.h>=_xlpm.lo, _xlpm.h<=_xlpm.hi), 1, IF(_xlpm.h<_xlpm.lo, MAX(0, 1 - (_xlpm.lo - _xlpm.h)/(_xlpm.lo*0.5)), MAX(0, 1 - (_xlpm.h - _xlpm.hi)/(_xlpm.hi*0.5)) ) ) ) -> 1 | H3: =0.6*F3 + 0.4*G3 -> 1 | I3: =IF(OR(dss_report!$D3=TRUE, H3<0.3), TRUE, FALSE) -> FALSE | J3: =IF( OR( AND(dss_report!$B3>31, dss_report!$C3<38), H3<0.25 ), TRUE, FALSE) -> FALSE | K3: =SUMPRODUCT(--(I3=TRUE), --(J3=TRUE)) -> 0 | L3: =SUMPRODUCT(--(I3=TRUE), --(J3=FALSE)) -> 0 | M3: =SUMPRODUCT(--(I3=FALSE), --(J3=TRUE)) -> 0 | N3: =SUMPRODUCT(--(I3=FALSE), --(J3=FALSE)) -> 1 | O3: =IF(K3+L3=0, 0, K3/(K3+L3)) -> 0 | P3: =IF(K3+M3=0, 0, K3/(K3+M3)) -> 0
A4: 45444.021 | B4: 24.140768 | C4: 54.898811 | D4: =IF(AND(dss_report!$B4>30, dss_report!$C4<40), TRUE, FALSE) -> FALSE | F4: =LET( _xlpm.t,dss_report!$B4, _xlpm.lo,18, _xlpm.hi,28, IF(AND(_xlpm.t>=_xlpm.lo, _xlpm.t<=_xlpm.hi), 1, IF(_xlpm.t<_xlpm.lo, MAX(0, 1 - (_xlpm.lo - _xlpm.t)/(_xlpm.lo*0.5)), MAX(0, 1 - (_xlpm.t - _xlpm.hi)/(_xlpm.hi*0.5)) ) ) ) -> 1 | G4: =LET( _xlpm.h,dss_report!$C4, _xlpm.lo,45, _xlpm.hi,70, IF(AND(_xlpm.h>=_xlpm.lo, _xlpm.h<=_xlpm.hi), 1, IF(_xlpm.h<_xlpm.lo, MAX(0, 1 - (_xlpm.lo - _xlpm.h)/(_xlpm.lo*0.5)), MAX(0, 1 - (_xlpm.h - _xlpm.hi)/(_xlpm.hi*0.5)) ) ) ) -> 1 | H4: =0.6*F4 + 0.4*G4 -> 1 | I4: =IF(OR(dss_report!$D4=TRUE, H4<0.3), TRUE, FALSE) -> FALSE | J4: =IF( OR( AND(dss_report!$B4>31, dss_report!$C4<38), H4<0.25 ), TRUE, FALSE) -> FALSE | K4: =SUMPRODUCT(--(I4=TRUE), --(J4=TRUE)) -> 0 | L4: =SUMPRODUCT(--(I4=TRUE), --(J4=FALSE)) -> 0 | M4: =SUMPRODUCT(--(I4=FALSE), --(J4=TRUE)) -> 0 | N4: =SUMPRODUCT(--(I4=FALSE), --(J4=FALSE)) -> 1 | O4: =IF(K4+L4=0, 0, K4/(K4+L4)) -> 0 | P4: =IF(K4+M4=0, 0, K4/(K4+M4)) -> 0
A5: 45444.031 | B5: 24.765634 | C5: 61.545899 | D5: =IF(AND(dss_report!$B5>30, dss_report!$C5<40), TRUE, FALSE) -> FALSE | F5: =LET( _xlpm.t,dss_report!$B5, _xlpm.lo,18, _xlpm.hi,28, IF(AND(_xlpm.t>=_xlpm.lo, _xlpm.t<=_xlpm.hi), 1, IF(_xlpm.t<_xlpm.lo, MAX(0, 1 - (_xlpm.lo - _xlpm.t)/(_xlpm.lo*0.5)), MAX(0, 1 - (_xlpm.t - _xlpm.hi)/(_xlpm.hi*0.5)) ) ) ) -> 1 | G5: =LET( _xlpm.h,dss_report!$C5, _xlpm.lo,45, _xlpm.hi,70, IF(AND(_xlpm.h>=_xlpm.lo, _xlpm.h<=_xlpm.hi), 1, IF(_xlpm.h<_xlpm.lo, MAX(0, 1 - (_xlpm.lo - _xlpm.h)/(_xlpm.lo*0.5)), MAX(0, 1 - (_xlpm.h - _xlpm.hi)/(_xlpm.hi*0.5)) ) ) ) -> 1 | H5: =0.6*F5 + 0.4*G5 -> 1 | I5: =IF(OR(dss_report!$D5=TRUE, H5<0.3), TRUE, FALSE) -> FALSE | J5: =IF( OR( AND(dss_report!$B5>31, dss_report!$C5<38), H5<0.25 ), TRUE, FALSE) -> FALSE | K5: =SUMPRODUCT(--(I5=TRUE), --(J5=TRUE)) -> 0 | L5: =SUMPRODUCT(--(I5=TRUE), --(J5=FALSE)) -> 0 | M5: =SUMPRODUCT(--(I5=FALSE), --(J5=TRUE)) -> 0 | N5: =SUMPRODUCT(--(I5=FALSE), --(J5=FALSE)) -> 1 | O5: =IF(K5+L5=0, 0, K5/(K5+L5)) -> 0 | P5: =IF(K5+M5=0, 0, K5/(K5+M5)) -> 0
A6: 45444.042 | B6: 25.422526 | C6: 59.877647 | D6: =IF(AND(dss_report!$B6>30, dss_report!$C6<40), TRUE, FALSE) -> FALSE | F6: =LET( _xlpm.t,dss_report!$B6, _xlpm.lo,18, _xlpm.hi,28, IF(AND(_xlpm.t>=_xlpm.lo, _xlpm.t<=_xlpm.hi), 1, IF(_xlpm.t<_xlpm.lo, MAX(0, 1 - (_xlpm.lo - _xlpm.t)/(_xlpm.lo*0.5)), MAX(0, 1 - (_xlpm.t - _xlpm.hi)/(_xlpm.hi*0.5)) ) ) ) -> 1 | G6: =LET( _xlpm.h,dss_report!$C6, _xlpm.lo,45, _xlpm.hi,70, IF(AND(_xlpm.h>=_xlpm.lo, _xlpm.h<=_xlpm.hi), 1, IF(_xlpm.h<_xlpm.lo, MAX(0, 1 - (_xlpm.lo - _xlpm.h)/(_xlpm.lo*0.5)), MAX(0, 1 - (_xlpm.h - _xlpm.hi)/(_xlpm.hi*0.5)) ) ) ) -> 1 | H6: =0.6*F6 + 0.4*G6 -> 1 | I6: =IF(OR(dss_report!$D6=TRUE, H6<0.3), TRUE, FALSE) -> FALSE | J6: =IF( OR( AND(dss_report!$B6>31, dss_report!$C6<38), H6<0.25 ), TRUE, FALSE) -> FALSE | K6: =SUMPRODUCT(--(I6=TRUE), --(J6=TRUE)) -> 0 | L6: =SUMPRODUCT(--(I6=TRUE), --(J6=FALSE)) -> 0 | M6: =SUMPRODUCT(--(I6=FALSE), --(J6=TRUE)) -> 0 | N6: =SUMPRODUCT(--(I6=FALSE), --(J6=FALSE)) -> 1 | O6: =IF(K6+L6=0, 0, K6/(K6+L6)) -> 0 | P6: =IF(K6+M6=0, 0, K6/(K6+M6)) -> 0
A7: 45444.052 | B7: 24.859086 | C7: 58.938036 | D7: =IF(AND(dss_report!$B7>30, dss_report!$C7<40), TRUE, FALSE) -> FALSE | F7: =LET( _xlpm.t,dss_report!$B7, _xlpm.lo,18, _xlpm.hi,28, IF(AND(_xlpm.t>=_xlpm.lo, _xlpm.t<=_xlpm.hi), 1, IF(_xlpm.t<_xlpm.lo, MAX(0, 1 - (_xlpm.lo - _xlpm.t)/(_xlpm.lo*0.5)), MAX(0, 1 - (_xlpm.t - _xlpm.hi)/(_xlpm.hi*0.5)) ) ) ) -> 1 | G7: =LET( _xlpm.h,dss_report!$C7, _xlpm.lo,45, _xlpm.hi,70, IF(AND(_xlpm.h>=_xlpm.lo, _xlpm.h<=_xlpm.hi), 1, IF(_xlpm.h<_xlpm.lo, MAX(0, 1 - (_xlpm.lo - _xlpm.h)/(_xlpm.lo*0.5)), MAX(0, 1 - (_xlpm.h - _xlpm.hi)/(_xlpm.hi*0.5)) ) ) ) -> 1 | H7: =0.6*F7 + 0.4*G7 -> 1 | I7: =IF(OR(dss_report!$D7=TRUE, H7<0.3), TRUE, FALSE) -> FALSE | J7: =IF( OR( AND(dss_report!$B7>31, dss_report!$C7<38), H7<0.25 ), TRUE, FALSE) -> FALSE | K7: =SUMPRODUCT(--(I7=TRUE), --(J7=TRUE)) -> 0 | L7: =SUMPRODUCT(--(I7=TRUE), --(J7=FALSE)) -> 0 | M7: =SUMPRODUCT(--(I7=FALSE), --(J7=TRUE)) -> 0 | N7: =SUMPRODUCT(--(I7=FALSE), --(J7=FALSE)) -> 1 | O7: =IF(K7+L7=0, 0, K7/(K7+L7)) -> 0 | P7: =IF(K7+M7=0, 0, K7/(K7+M7)) -> 0
A8: 45444.062 | B8: 24.549225 | C8: 58.922764 | D8: =IF(AND(dss_report!$B8>30, dss_report!$C8<40), TRUE, FALSE) -> FALSE | F8: =LET( _xlpm.t,dss_report!$B8, _xlpm.lo,18, _xlpm.hi,28, IF(AND(_xlpm.t>=_xlpm.lo, _xlpm.t<=_xlpm.hi), 1, IF(_xlpm.t<_xlpm.lo, MAX(0, 1 - (_xlpm.lo - _xlpm.t)/(_xlpm.lo*0.5)), MAX(0, 1 - (_xlpm.t - _xlpm.hi)/(_xlpm.hi*0.5)) ) ) ) -> 1 | G8: =LET( _xlpm.h,dss_report!$C8, _xlpm.lo,45, _xlpm.hi,70, IF(AND(_xlpm.h>=_xlpm.lo, _xlpm.h<=_xlpm.hi), 1, IF(_xlpm.h<_xlpm.lo, MAX(0, 1 - (_xlpm.lo - _xlpm.h)/(_xlpm.lo*0.5)), MAX(0, 1 - (_xlpm.h - _xlpm.hi)/(_xlpm.hi*0.5)) ) ) ) -> 1 | H8: =0.6*F8 + 0.4*G8 -> 1 | I8: =IF(OR(dss_report!$D8=TRUE, H8<0.3), TRUE, FALSE) -> FALSE | J8: =IF( OR( AND(dss_report!$B8>31, dss_report!$C8<38), H8<0.25 ), TRUE, FALSE) -> FALSE | K8: =SUMPRODUCT(--(I8=TRUE), --(J8=TRUE)) -> 0 | L8: =SUMPRODUCT(--(I8=TRUE), --(J8=FALSE)) -> 0 | M8: =SUMPRODUCT(--(I8=FALSE), --(J8=TRUE)) -> 0 | N8: =SUMPRODUCT(--(I8=FALSE), --(J8=FALSE)) -> 1 | O8: =IF(K8+L8=0, 0, K8/(K8+L8)) -> 0 | P8: =IF(K8+M8=0, 0, K8/(K8+M8)) -> 0
A9: 45444.073 | B9: 24.539068 | C9: 57.090775 | D9: =IF(AND(dss_report!$B9>30, dss_report!$C9<40), TRUE, FALSE) -> FALSE | F9: =LET( _xlpm.t,dss_report!$B9, _xlpm.lo,18, _xlpm.hi,28, IF(AND(_xlpm.t>=_xlpm.lo, _xlpm.t<=_xlpm.hi), 1, IF(_xlpm.t<_xlpm.lo, MAX(0, 1 - (_xlpm.lo - _xlpm.t)/(_xlpm.lo*0.5)), MAX(0, 1 - (_xlpm.t - _xlpm.hi)/(_xlpm.hi*0.5)) ) ) ) -> 1 | G9: =LET( _xlpm.h,dss_report!$C9, _xlpm.lo,45, _xlpm.hi,70, IF(AND(_xlpm.h>=_xlpm.lo, _xlpm.h<=_xlpm.hi), 1, IF(_xlpm.h<_xlpm.lo, MAX(0, 1 - (_xlpm.lo - _xlpm.h)/(_xlpm.lo*0.5)), MAX(0, 1 - (_xlpm.h - _xlpm.hi)/(_xlpm.hi*0.5)) ) ) ) -> 1 | H9: =0.6*F9 + 0.4*G9 -> 1 | I9: =IF(OR(dss_report!$D9=TRUE, H9<0.3), TRUE, FALSE) -> FALSE | J9: =IF( OR( AND(dss_report!$B9>31, dss_report!$C9<38), H9<0.25 ), TRUE, FALSE) -> FALSE | K9: =SUMPRODUCT(--(I9=TRUE), --(J9=TRUE)) -> 0 | L9: =SUMPRODUCT(--(I9=TRUE), --(J9=FALSE)) -> 0 | M9: =SUMPRODUCT(--(I9=FALSE), --(J9=TRUE)) -> 0 | N9: =SUMPRODUCT(--(I9=FALSE), --(J9=FALSE)) -> 1 | O9: =IF(K9+L9=0, 0, K9/(K9+L9)) -> 0 | P9: =IF(K9+M9=0, 0, K9/(K9+M9)) -> 0
A10: 45444.083 | B10: 25.763185 | C10: 57.300819 | D10: =IF(AND(dss_report!$B10>30, dss_report!$C10<40), TRUE, FALSE) -> FALSE | F10: =LET( _xlpm.t,dss_report!$B10, _xlpm.lo,18, _xlpm.hi,28, IF(AND(_xlpm.t>=_xlpm.lo, _xlpm.t<=_xlpm.hi), 1, IF(_xlpm.t<_xlpm.lo, MAX(0, 1 - (_xlpm.lo - _xlpm.t)/(_xlpm.lo*0.5)), MAX(0, 1 - (_xlpm.t - _xlpm.hi)/(_xlpm.hi*0.5)) ) ) ) -> 1 | G10: =LET( _xlpm.h,dss_report!$C10, _xlpm.lo,45, _xlpm.hi,70, IF(AND(_xlpm.h>=_xlpm.lo, _xlpm.h<=_xlpm.hi), 1, IF(_xlpm.h<_xlpm.lo, MAX(0, 1 - (_xlpm.lo - _xlpm.h)/(_xlpm.lo*0.5)), MAX(0, 1 - (_xlpm.h - _xlpm.hi)/(_xlpm.hi*0.5)) ) ) ) -> 1 | H10: =0.6*F10 + 0.4*G10 -> 1 | I10: =IF(OR(dss_report!$D10=TRUE, H10<0.3), TRUE, FALSE) -> FALSE | J10: =IF( OR( AND(dss_report!$B10>31, dss_report!$C10<38), H10<0.25 ), TRUE, FALSE) -> FALSE | K10: =SUMPRODUCT(--(I10=TRUE), --(J10=TRUE)) -> 0 | L10: =SUMPRODUCT(--(I10=TRUE), --(J10=FALSE)) -> 0 | M10: =SUMPRODUCT(--(I10=FALSE), --(J10=TRUE)) -> 0 | N10: =SUMPRODUCT(--(I10=FALSE), --(J10=FALSE)) -> 1 | O10: =IF(K10+L10=0, 0, K10/(K10+L10)) -> 0 | P10: =IF(K10+M10=0, 0, K10/(K10+M10)) -> 0
A11: 45444.094 | B11: 26.53214 | C11: 59.128804 | D11: =IF(AND(dss_report!$B11>30, dss_report!$C11<40), TRUE, FALSE) -> FALSE | F11: =LET( _xlpm.t,dss_report!$B11, _xlpm.lo,18, _xlpm.hi,28, IF(AND(_xlpm.t>=_xlpm.lo, _xlpm.t<=_xlpm.hi), 1, IF(_xlpm.t<_xlpm.lo, MAX(0, 1 - (_xlpm.lo - _xlpm.t)/(_xlpm.lo*0.5)), MAX(0, 1 - (_xlpm.t - _xlpm.hi)/(_xlpm.hi*0.5)) ) ) ) -> 1 | G11: =LET( _xlpm.h,dss_report!$C11, _xlpm.lo,45, _xlpm.hi,70, IF(AND(_xlpm.h>=_xlpm.lo, _xlpm.h<=_xlpm.hi), 1, IF(_xlpm.h<_xlpm.lo, MAX(0, 1 - (_xlpm.lo - _xlpm.h)/(_xlpm.lo*0.5)), MAX(0, 1 - (_xlpm.h - _xlpm.hi)/(_xlpm.hi*0.5)) ) ) ) -> 1 | H11: =0.6*F11 + 0.4*G11 -> 1 | I11: =IF(OR(dss_report!$D11=TRUE, H11<0.3), TRUE, FALSE) -> FALSE | J11: =IF( OR( AND(dss_report!$B11>31, dss_report!$C11<38), H11<0.25 ), TRUE, FALSE) -> FALSE | K11: =SUMPRODUCT(--(I11=TRUE), --(J11=TRUE)) -> 0 | L11: =SUMPRODUCT(--(I11=TRUE), --(J11=FALSE)) -> 0 | M11: =SUMPRODUCT(--(I11=FALSE), --(J11=TRUE)) -> 0 | N11: =SUMPRODUCT(--(I11=FALSE), --(J11=FALSE)) -> 1 | O11: =IF(K11+L11=0, 0, K11/(K11+L11)) -> 0 | P11: =IF(K11+M11=0, 0, K11/(K11+M11)) -> 0
A12: 45444.104 | B12: 25.725308 | C12: 59.441753 | D12: =IF(AND(dss_report!$B12>30, dss_report!$C12<40), TRUE, FALSE) -> FALSE | F12: =LET( _xlpm.t,dss_report!$B12, _xlpm.lo,18, _xlpm.hi,28, IF(AND(_xlpm.t>=_xlpm.lo, _xlpm.t<=_xlpm.hi), 1, IF(_xlpm.t<_xlpm.lo, MAX(0, 1 - (_xlpm.lo - _xlpm.t)/(_xlpm.lo*0.5)), MAX(0, 1 - (_xlpm.t - _xlpm.hi)/(_xlpm.hi*0.5)) ) ) ) -> 1 | G12: =LET( _xlpm.h,dss_report!$C12, _xlpm.lo,45, _xlpm.hi,70, IF(AND(_xlpm.h>=_xlpm.lo, _xlpm.h<=_xlpm.hi), 1, IF(_xlpm.h<_xlpm.lo, MAX(0, 1 - (_xlpm.lo - _xlpm.h)/(_xlpm.lo*0.5)), MAX(0, 1 - (_xlpm.h - _xlpm.hi)/(_xlpm.hi*0.5)) ) ) ) -> 1 | H12: =0.6*F12 + 0.4*G12 -> 1 | I12: =IF(OR(dss_report!$D12=TRUE, H12<0.3), TRUE, FALSE) -> FALSE | J12: =IF( OR( AND(dss_report!$B12>31, dss_report!$C12<38), H12<0.25 ), TRUE, FALSE) -> FALSE | K12: =SUMPRODUCT(--(I12=TRUE), --(J12=TRUE)) -> 0 | L12: =SUMPRODUCT(--(I12=TRUE), --(J12=FALSE)) -> 0 | M12: =SUMPRODUCT(--(I12=FALSE), --(J12=TRUE)) -> 0 | N12: =SUMPRODUCT(--(I12=FALSE), --(J12=FALSE)) -> 1 | O12: =IF(K12+L12=0, 0, K12/(K12+L12)) -> 0 | P12: =IF(K12+M12=0, 0, K12/(K12+M12)) -> 0
A13: 45444.115 | B13: 24.815241 | C13: 59.389921 | D13: =IF(AND(dss_report!$B13>30, dss_report!$C13<40), TRUE, FALSE) -> FALSE | F13: =LET( _xlpm.t,dss_report!$B13, _xlpm.lo,18, _xlpm.hi,28, IF(AND(_xlpm.t>=_xlpm.lo, _xlpm.t<=_xlpm.hi), 1, IF(_xlpm.t<_xlpm.lo, MAX(0, 1 - (_xlpm.lo - _xlpm.t)/(_xlpm.lo*0.5)), MAX(0, 1 - (_xlpm.t - _xlpm.hi)/(_xlpm.hi*0.5)) ) ) ) -> 1 | G13: =LET( _xlpm.h,dss_report!$C13, _xlpm.lo,45, _xlpm.hi,70, IF(AND(_xlpm.h>=_xlpm.lo, _xlpm.h<=_xlpm.hi), 1, IF(_xlpm.h<_xlpm.lo, MAX(0, 1 - (_xlpm.lo - _xlpm.h)/(_xlpm.lo*0.5)), MAX(0, 1 - (_xlpm.h - _xlpm.hi)/(_xlpm.hi*0.5)) ) ) ) -> 1 | H13: =0.6*F13 + 0.4*G13 -> 1 | I13: =IF(OR(dss_report!$D13=TRUE, H13<0.3), TRUE, FALSE) -> FALSE | J13: =IF( OR( AND(dss_report!$B13>31, dss_report!$C13<38), H13<0.25 ), TRUE, FALSE) -> FALSE | K13: =SUMPRODUCT(--(I13=TRUE), --(J13=TRUE)) -> 0 | L13: =SUMPRODUCT(--(I13=TRUE), --(J13=FALSE)) -> 0 | M13: =SUMPRODUCT(--(I13=FALSE), --(J13=TRUE)) -> 0 | N13: =SUMPRODUCT(--(I13=FALSE), --(J13=FALSE)) -> 1 | O13: =IF(K13+L13=0, 0, K13/(K13+L13)) -> 0 | P13: =IF(K13+M13=0, 0, K13/(K13+M13)) -> 0
... A401: 45448.156 | B401: 23.245029 | C401: 58.485785 | D401: =IF(AND(dss_report!$B401>30, dss_report!$C401<40), TRUE, FALSE) -> FALSE | F401: =LET( _xlpm.t,dss_report!$B401, _xlpm.lo,18, _xlpm.hi,28, IF(AND(_xlpm.t>=_xlpm.lo, _xlpm.t<=_xlpm.hi), 1, IF(_xlpm.t<_xlpm.lo, MAX(0, 1 - (_xlpm.lo - _xlpm.t)/(_xlpm.lo*0.5)), MAX(0, 1 - (_xlpm.t - _xlpm.hi)/(_xlpm.hi*0.5)) ) ) ) -> 1 | G401: =LET( _xlpm.h,dss_report!$C401, _xlpm.lo,45, _xlpm.hi,70, IF(AND(_xlpm.h>=_xlpm.lo, _xlpm.h<=_xlpm.hi), 1, IF(_xlpm.h<_xlpm.lo, MAX(0, 1 - (_xlpm.lo - _xlpm.h)/(_xlpm.lo*0.5)), MAX(0, 1 - (_xlpm.h - _xlpm.hi)/(_xlpm.hi*0.5)) ) ) ) -> 1 | H401: =0.6*F401 + 0.4*G401 -> 1 | I401: =IF(OR(dss_report!$D401=TRUE, H401<0.3), TRUE, FALSE) -> FALSE | J401: =IF( OR( AND(dss_report!$B401>31, dss_report!$C401<38), H401<0.25 ), TRUE, FALSE) -> FALSE | K401: =SUMPRODUCT(--(I401=TRUE), --(J401=TRUE)) -> 0 | L401: =SUMPRODUCT(--(I401=TRUE), --(J401=FALSE)) -> 0 | M401: =SUMPRODUCT(--(I401=FALSE), --(J401=TRUE)) -> 0 | N401: =SUMPRODUCT(--(I401=FALSE), --(J401=FALSE)) -> 1 | O401: =IF(K401+L401=0, 0, K401/(K401+L401)) -> 0 | P401: =IF(K401+M401=0, 0, K401/(K401+M401)) -> 0
K402: =SUM(K2:K401) -> 67 | L402: =SUM(L2:L401) -> 1 | M402: =SUM(M2:M401) -> 0 | N402: =SUM(N2:N401) -> 332 | O402: =IF(K402+L402=0, 0, K402/(K402+L402)) -> 0.98529412 | P402: =IF(K402+M402=0, 0, K402/(K402+M402)) -> 1
